pose_x,pose_x,blue_cone_x,blue_cone_y,yellow_cone_x,yellow_cone_y,route_path_x,route_path_y,blue_bounds_x,blue_bounds_y,yellow_bounds_x,yellow_bounds_y,pose_y,gt_cones_x,gt_cones_y
0.43827565531903945,0.43827565531903945,9.917668891573912,1.5327495804701872,9.213901026337755,-2.20901190429826,-0.12175522876976538,0.11969988641083473,-0.1351799972073925,1.9678762842225583,-0.0806190936459074,-1.6879479580507015,0.13260782050602532,10.070000030749544,1.4699998902051024
0.43827565531903945,0.43827565531903945,14.000620710858753,1.5966356379507685,13.75345886228153,-1.8023258297145315,0.2816418749775795,0.13137537588440418,0.2318436128311243,2.0366773250035815,0.35428305101067736,-1.7339468110473761,0.13260782050602532,14.070000030749544,1.6699998902051023
1.0838762701951088,1.0838762701951088,17.68845330610189,2.5752867434031064,18.156245310140154,-1.2732600182464697,0.6845182097547978,0.13363694779279744,0.5995651031385839,2.082205688643878,0.7883566814819554,-1.7792672600832886,0.11699767156728236,17.85000003074952,2.5199998902050296
1.0838762701951088,1.0838762701951088,20.67755820628475,3.6093796466029566,21.267605768981245,-0.01686282050505053,1.0869203711170052,0.1273723424126162,0.9679456490349267,2.106846230694001,1.2216798820967942,-1.8236645132214901,0.11699767156728236,20.75000003074952,3.8699998902050297
1.4137040437363535,1.4137040437363535,23.5468501049141,5.801683743048188,24.593274320053027,1.9828933082112257,1.488894954619317,0.11346930002046418,1.336946425840093,2.1129838067044986,1.6543307371840623,-1.8668937785250288,0.10603205270231784,23.57000003074952,6.189999890205178
1.4137040437363535,1.4137040437363535,25.77429924403183,8.635033657354306,27.315311410229164,4.782724432207005,1.8904885558168485,0.09281556089294352,1.7065286088740244,2.1030032722259215,2.0863873310726264,-1.908710264056955,0.10603205270231784,25.680000030749518,9.17999989020517
2.089217090803459,2.089217090803459,27.345964047564234,12.027047837256282,29.68473287808359,8.573742208097752,2.291747770264715,0.0662988653066563,2.0766533734566583,2.079289482808821,2.5179277480913544,-1.9488691778803184,0.07825710048176239,27.10000003074952,12.649999890205171
2.089217090803459,2.089217090803459,28.381408015641934,15.758417047886413,31.05030736371076,12.093795742809474,2.692719193518032,0.03480695353820651,2.4472818949079396,2.0442272940037465,2.9490300725691156,-1.9871257280581687,0.07825710048176239,27.96000003074952,16.419999890205183
2.089217090803459,2.089217090803459,28.854803319312126,20.226791613759822,32.16848048811966,16.904139368339635,3.093449421131915,-0.0007724341358041897,2.818375348547803,2.000201561361249,3.379772388834775,-2.0232351226535568,0.07825710048176239,28.42000003074952,20.919999890205183
2.089217090803459,2.089217090803459,28.930321721796474,24.782902819043986,32.53987972643227,21.19583086495558,3.4939850486614787,-0.03955155743877259,3.189894909696195,1.9495971404318786,3.8102327812172025,-2.056952569729531,0.07825710048176239,28.380000030749517,25.48999989020518
2.428393058519555,2.428393058519555,28.10278375415129,28.62462014490032,32.67470405628305,25.567652655796618,3.894372671661839,-0.08064267609409592,3.5618017536730506,1.8947988867661865,4.2404893340452645,-2.088033277349142,0.06201008961344596,27.80000003074952,29.389999890205182
2.428393058519555,2.428393058519555,27.367370312033877,31.765850733572886,32.068111485415734,30.06916966211818,4.294658885688111,-0.12315804982517153,3.934057055798313,1.8381916559147218,4.67062013164783,-2.1162324535754387,0.06201008961344596,26.75000003074952,32.47999989020416
2.428393058519555,2.428393058519555,25.564084795782826,34.708247020113404,30.91791693367424,33.30344421347933,4.69489028629541,-0.166209938355397,4.306621991391922,1.7821492865104203,5.100703258353766,-2.141305306471472,0.06201008961344596,24.753824696228115,35.449233803098736
2.748068671558311,2.748068671558311,23.383301248206607,36.74405710449742,28.87413119100057,36.6807228871717,5.095113469038852,-0.2089106014081693,4.679457735773819,1.7285491101112358,5.530816798491941,-2.163007044100291,0.04557031976255303,22.329289508062242,37.238121297733706
2.748068671558311,2.748068671558311,20.946025629254514,37.98447099190182,26.74802318446972,39.14787311268673,5.495375029473551,-0.25037229870688593,5.052525464263943,1.678580974649565,5.96103883639122,-2.1810928745249463,0.04557031976255303,19.59000003074952,38.139999890204166
2.748068671558311,2.748068671558311,18.181207211193914,37.97230827756648,23.34008407030256,40.63668323860217,5.895721563154625,-0.28958991190285444,5.425786352182235,1.6333842431920729,6.391447456380474,-2.1953180058084865,0.04557031976255303,16.930000030749518,38.15999989020416
2.748068671558311,2.748068671558311,14.233427758974607,37.318007113577664,19.150502534784472,41.25808756649644,6.296199665637185,-0.3248583601635455,5.799201574848634,1.5940982788054239,6.822120742788568,-2.205437646013962,0.04557031976255303,13.000000030749543,37.02999989020417
2.748068671558311,2.748068671558311,10.767200859499207,35.687627613732474,15.717375020517867,41.14697349183255,6.69685593247635,-0.35421418055359766,6.172732307583082,1.5618624445562834,7.253136779944373,-2.2112070032044233,0.04557031976255303,9.690000030749543,35.15999989020416
3.070073012158012,3.070073012158012,7.236511057258116,32.994606356382384,12.293577542137065,40.16668796946217,7.097736959227235,-0.3757274899552987,6.54633972570552,1.5376705708046918,7.684573652176756,-2.212381285442919,0.02803166359229955,6.1100000307495455,32.36999989020416
3.070073012158012,3.070073012158012,3.8773940261352653,30.086463716118082,8.412723623865846,38.06951370155374,7.498889341444954,-0.3885245381724398,6.919985004535887,1.5211005770472172,8.116509443814582,-2.2087157007924993,0.02803166359229955,2.730000030749552,29.439999890205183
3.070073012158012,3.070073012158012,0.4260859356486854,27.46176791297822,4.587948658952421,35.21812647610221,7.900359674684623,-0.3929672100446393,7.293629319394123,1.5109328447888744,8.54902223918672,-2.199965457316214,0.02803166359229955,-0.749999969250447,26.799999890205182
3.070073012158012,3.070073012158012,-3.880969999072293,24.971222600520953,0.7781025861604401,32.0454015682162,8.302194554501355,-0.3894875587366535,7.667233845600168,1.5059388204622113,8.982190122622036,-2.1858857630771134,0.02803166359229955,-5.169999969250455,24.35999989020518
3.070073012158012,3.070073012158012,-8.037526380014688,22.97674901322594,-2.3555576175434982,29.734253424039636,8.704438372190202,-0.37854147293072005,8.040759758473966,1.5048899504997766,9.416087450333968,-2.1662489952763697,0.02803166359229955,-9.409999969250457,22.439999890205183
3.070073012158012,3.070073012158012,-11.630300368753945,21.006297051406875,-5.893297873960084,27.749556114802562,9.10708171723498,-0.3611666211224912,8.414168233335452,1.5065576813341197,9.850683455025193,-2.1413116577751903,0.02803166359229955,-13.129999969250457,20.60999989020518
3.3962293387727245,3.3962293387727245,-15.243357020791061,18.99843362152771,-10.87477885397068,25.709576577618407,9.510059594289,-0.33900173209887974,8.78742044550457,1.5097134593977877,10.285830200951773,-2.111869851793498,0.009491248854147979,-16.569999969250482,18.349999890205183
3.3962293387727245,3.3962293387727245,-17.75746744552515,16.08648918680741,-14.166335166903474,24.026474393675674,9.913304447022808,-0.31371322754482633,9.160477570301259,1.5131287311233304,10.72137360637746,-2.0787479827688595,0.009491248854147979,-19.30999996925048,15.659999890205171
3.3962293387727245,3.3962293387727245,-19.375859346599306,13.735465587296432,-17.988443950669016,21.246987727429918,10.316748719106961,-0.2869675291452731,9.533300783045462,1.5155749429432956,11.157159589565994,-2.0427704561388422,0.009491248854147979,-20.76999996925048,13.209999890205172
3.3962293387727245,3.3962293387727245,-20.304293159428397,11.19348035888781,-20.84630705683966,18.87730399933804,10.720324854212,-0.2604310585851617,9.905851259057115,1.5158235412902321,11.593034068781131,-2.004761677341014,0.009491248854147979,-21.342149017058002,10.16951087427282
3.3962293387727245,3.3962293387727245,-19.982664673531566,8.897046616107362,-22.816018081755093,15.763971176159728,11.12396057682503,-0.23558501118148734,10.278090173656162,1.513006285796017,12.02884296228662,-1.9655460518129417,0.009491248854147979,-20.94235611634976,8.000139262963007
3.773860352424767,3.773860352424767,-18.834965511214644,6.405329943252328,-23.77922572362024,12.898145309054973,11.527551603804977,-0.2126542935794704,10.649978702162542,1.5080536637829522,12.4644321883462,-1.9259479849921934,-0.012970864669551219,-19.39999996925048,5.649999890205178
4.123289763105807,4.123289763105807,-16.59404159203827,4.305010006076019,-23.85387672059667,9.459142946956359,11.930980356937905,-0.1913419852726832,11.021478019896199,1.5024563297666467,12.899647665223625,-1.886791882316336,-0.03460439320374185,-16.76999996925048,3.7499998902050296
4.123289763105807,4.123289763105807,-13.322461139937626,2.832007684292433,-22.40508694079124,5.89125868121748,12.334129214790108,-0.17134946939295825,11.392549302177063,1.497705119147012,13.334335311182643,-1.848902149222937,-0.03460439320374185,-13.359999969250456,2.4999998902050296
4.123289763105807,4.123289763105807,-9.56230504885755,2.069001201569545,-19.95829111981227,3.176686125570642,12.736880555927872,-0.152378129072126,11.763153724325086,1.4952908673239615,13.768341044487006,-1.8131031911495632,-0.03460439320374185,-9.539999969250456,1.8899998902051023
4.746564215790267,4.746564215790267,-5.076485882406806,1.8901911564199836,-17.657247572636326,0.9338439607123086,13.139116758917481,-0.1338840618382876,12.133252461660199,1.4967044096974074,14.201510783400458,-1.7797759075392272,-0.07538957759417499,-5.009999969250455,1.7199998902051024
4.746564215790267,4.746564215790267,,,-14.279480236105908,-0.43586724509218133,13.540720202325229,-0.11423998775061805,12.50280668950235,1.5034365816672621,14.633690446186748,-1.7474364314236919,-0.07538957759417499,3.074955326763468e-08,1.7499998902051024
6.727137983064652,6.727137983064652,,,-9.999494863863351,-1.3061378062814568,13.941573264717398,-0.09151961548784249,12.871777583171479,1.5169782186334382,15.064725951109624,-1.7141108701653303,-0.1998622645842838,9.430000030749543,-2.0200001097949705
6.727137983064652,6.727137983064652,,,-5.1107040132740496,-1.4932070721560409,14.34155832466028,-0.06379664396238505,13.240126317987519,1.5388201559958483,15.49446321643284,-1.6778253289831833,-0.1998622645842838,13.850000030749543,-1.8700001097948977
6.727137983064652,6.727137983064652,,,,,14.740557760720158,-0.029144772086669324,13.60781406927042,1.5704532291544049,15.922748160420134,-1.6366059130962887,-0.1998622645842838,18.35000003074952,-1.0000001097948976
7.0511374670121905,7.0511374670121905,,,,,15.138453951463328,0.014362301226880647,13.974802012340113,1.6133682735090202,16.349426701335265,-1.5884787277236865,-0.21668367228030658,21.430000030749518,0.23999989020506649
7.0511374670121905,7.0511374670121905,,,,,15.535129275456068,0.06848344992295918,14.341051322516543,1.6686385906061882,16.77434475744197,-1.5314698780844156,-0.21668367228030658,24.720000030749517,2.4499998902050297
7.0511374670121905,7.0511374670121905,,,,,15.930466111264673,0.13395109112504355,14.70652317511965,1.7354385566887924,17.19734824700401,-1.4636054693975156,-0.21668367228030658,27.380000030749517,5.329999890205178
7.0511374670121905,7.0511374670121905,,,,,16.324346837455423,0.21110884414639164,15.071178745469375,1.8124029946026714,17.618283088285125,-1.3829116068820255,-0.21668367228030658,29.59000003074952,9.25999989020517
11.032972089440692,11.032972089440692,,,,,16.71665383259462,0.30029959268889517,15.434979208885654,1.898166690005964,18.03699519954906,-1.287414395756984,-0.28329445564948724,30.790000030749518,12.83999989020517
11.032972089440692,11.032972089440692,,,,,17.10726604074636,0.4017462436609286,15.79788574068844,1.9913644285568077,18.453323336942013,-1.175387060889705,-0.28329445564948724,31.67000003074952,17.689999890205183
11.032972089440692,11.032972089440692,,,,,17.496030541933493,0.5145586036444589,16.15985951619766,2.090630995913342,18.867043334887466,-1.0472738602036846,-0.28329445564948724,31.96000003074952,21.979999890205182
12.716605839228311,12.716605839228311,,,,,17.88277713479897,0.6372427921548998,16.52086171073326,2.1946011777337056,19.277898380257636,-0.9046455133590264,-0.22141411467569883,31.82000003074952,26.369999890205182
13.023944546849597,13.023944546849597,,,,,18.26733544688598,0.7682989517127035,16.880853499615185,2.3019097596760356,19.685631382573344,-0.7490823096685084,-0.20347846277850462,31.040000030749518,30.83999989020518
13.023944546849597,13.023944546849597,,,,,18.649535105737694,0.9062272248383221,17.23979605816336,2.4111915273984708,20.08998525135542,-0.5821645384449068,-0.20347846277850462,29.92000003074952,33.959999890204166
13.023944546849597,13.023944546849597,,,,,19.029205738897303,1.0495277540522066,17.597650561697733,2.52108126655915,20.490702896124684,-0.40547248900099986,-0.20347846277850462,27.75000003074952,37.34999989020417
13.72049499686782,13.72049499686782,,,,,19.40617114221324,1.1967618309169479,17.954354843431364,2.630402836174483,20.887527226401975,-0.22058645064956098,-0.15472282458511544,25.23000003074952,39.62999989020417
14.042459785790891,14.042459785790891,,,,,19.78017164150683,1.347365983512459,18.30961235956038,2.7398785721156793,21.280201151708113,-0.029086712701455606,-0.12798886224668912,22.14000003074952,41.139999890204166
14.042459785790891,14.042459785790891,,,,,20.150885191767905,1.501611480244966,18.66299124146932,2.85132695451832,21.668467581563917,0.16782360814657807,-0.12798886224668912,17.950000030749518,41.72999989020416
14.365933395877581,14.365933395877581,,,,,20.51798824876881,1.6605399914626664,19.014057982291142,2.966579733516462,22.052069425490224,0.37044231227614727,-0.09767361414662608,14.360000030749543,41.219999890204164
14.365933395877581,14.365933395877581,,,,,20.881157268281875,1.8253901307017957,19.362379075158813,3.0874686592441742,22.430749593007864,0.579440495996375,-0.09767361414662608,10.900000030749544,39.91999989020417
14.365933395877581,14.365933395877581,,,,,21.24006870607947,1.9974005120513936,19.7075210132053,3.2158254818355148,22.804250993637652,0.7954892556163754,-0.09767361414662608,7.130000030749545,37.639999890204166
14.365933395877581,14.365933395877581,,,,,21.594399017933924,2.1778097496005047,20.049050289563567,3.353481951424553,23.17231653690043,1.0192596874452717,-0.09767361414662608,3.320000030749552,34.58999989020417
14.686112193920106,14.686112193920106,,,,,21.943824659617576,2.367856457438167,20.386533397366584,3.502269818145346,23.53468913231699,1.2514228877921785,-0.0639325998551675,-0.4299999692504463,31.369999890205182
14.686112193920106,14.686112193920106,,,,,22.288022086902785,2.568778909352848,20.719536829747312,3.664016651313356,23.8911116894082,1.4926499529662187,-0.0639325998551675,-3.6099999692504476,29.12999989020518
14.686112193920106,14.686112193920106,,,,,22.626667755561886,2.781513878701473,21.047627079838716,3.8397818716146572,24.241327117694865,1.7436119792765061,-0.0639325998551675,-7.219999969250455,27.259999890205183
14.686112193920106,14.686112193920106,,,,,22.959438121367235,3.0061431801519563,21.370370640773775,4.028965753610786,24.585078326697815,2.004980045324044,-0.0639325998551675,-12.159999969250457,25.029999890205183
14.686112193920106,14.686112193920106,,,,,23.28600964009116,3.2424863839566553,21.68733400568543,4.230752317734782,24.92210822593787,2.277189211133218,-0.0639325998551675,-15.489999969250457,23.28999989020518
14.686112193920106,14.686112193920106,,,,,23.606058767506028,3.489952299058822,21.998083667706666,4.444325584419697,25.252159724935872,2.559847049676686,-0.0639325998551675,-19.349999969250483,20.60999989020518
15.010324828728267,15.010324828728267,,,,,23.919261959384166,3.747855372600094,22.302186119970443,4.6688695740985695,25.574975733212632,2.8523798866925123,-0.026597550184117247,-22.069999969250482,17.81999989020518
15.010324828728267,15.010324828728267,,,,,24.225295671497918,4.015510051722118,22.59920785560974,4.903568307204446,25.890299160288986,3.1542140479187712,-0.026597550184117247,-23.99999996925048,14.559999890205171
15.010324828728267,15.010324828728267,,,,,24.52383635961965,4.2922307835665325,22.888715367757495,5.147605804170372,26.197872915685764,3.464775859093525,-0.026597550184117247,-24.78999996925048,11.729999890205171
15.010324828728267,15.010324828728267,,,,,24.814560479521692,4.577332015274979,23.170275149546693,5.400166085429391,26.497439908923774,3.783491645954845,-0.026597550184117247,-24.64999996925048,8.149999890205171
15.404442525634819,15.404442525634819,,,,,25.09714448697638,4.870128193989107,23.4434536941103,5.66043317141455,26.788743049523866,4.109787734240802,0.024384490769453357,-23.25935068593068,4.879463805330801
18.28458525090575,18.28458525090575,,,,,25.37126858246886,5.169937093853308,23.707833727750156,5.92760378714621,27.071525247006846,4.443090449689458,0.6173921901669339,-20.82999996925048,2.2299998902050295
18.28458525090575,18.28458525090575,,,,,25.636744644240203,5.476193478546559,23.963351601472986,6.201151415434793,27.345529412927934,4.782826119629538,0.6173921901669339,-17.709999969250482,0.3099998902050662
18.9858902497164,18.9858902497164,,,,,25.893586819833928,5.788507142165356,24.210286660976095,6.480817977497953,27.61057944714711,5.128484394752423,0.8350966632251432,-14.199999969250456,-0.9000001097949336
18.9858902497164,18.9858902497164,,,,,26.141968219358823,6.106611200130828,24.44893235850188,6.76635643477822,27.866795197808436,5.479786322623172,0.8350966632251432,-9.859999969250456,-1.6000001097948977
18.9858902497164,18.9858902497164,,,,,26.382097563189113,6.430266119198723,24.67958214629276,7.0575197487181045,28.114364094596052,5.8365057916507475,0.8350966632251432,-4.822135473449423,-1.8562899592906619
19.598596387059597,19.598596387059597,,,,,26.614183571699,6.759232366124799,24.902529476591138,7.354060880760134,28.3534735671941,6.198416690244135,1.0561561345062471,3.074955326763468e-08,-1.7500001097948976
19.598596387059597,19.598596387059597,,,,,26.83843496526271,7.0932704076648,25.11806780163944,7.6557327923468215,28.584311045286725,6.565292906812295,1.0561561345062471,6.389997855340536,1.5799941547845104
19.90368949009808,19.90368949009808,,,,,27.055060464254467,7.432140710574493,25.32649057368008,7.962288444920698,28.807063958558068,6.936908329764212,1.1775442574854884,6.249997855340537,-1.9100058452154898
19.90368949009808,19.90368949009808,,,,,27.264268789048472,7.775603741609617,25.52809124495546,8.27348079992427,29.021919736692258,7.313036847508848,1.1775442574854884,4.399997855340537,1.66999415478451
19.90368949009808,19.90368949009808,,,,,27.466268660018955,8.123419967525935,25.723163267707996,8.58906281880007,29.229065809373445,7.693452348455184,1.1775442574854884,4.249997855340537,-1.83000584521549
20.512395556958424,20.512395556958424,,,,,27.66126186442949,8.475352616242837,25.91197247735176,8.90879477868156,29.42868960628576,8.077928721012187,1.441004790867897,,
20.512395556958424,20.512395556958424,,,,,27.849387197146967,8.831190002877225,26.09459933859445,9.232486061356143,29.620978557113357,8.466239853588835,1.441004790867897,,
20.512395556958424,20.512395556958424,,,,,28.03074986061423,9.19073382098243,26.271048036132388,9.55996625516723,29.806120091540368,8.858159634594097,1.441004790867897,,
20.795367549547674,20.795367549547674,,,,,28.205454743166385,9.553785889207575,26.441322518769848,9.891065010945994,29.984301639250926,9.253461952436949,1.5745539446605692,,
20.795367549547674,20.795367549547674,,,,,28.37360673313858,9.920148026201762,26.60542673531105,10.225611979523585,30.15571062992918,9.651920695526355,1.5745539446605692,,
21.08721434970746,21.08721434970746,,,,,28.535310718865926,10.289622050614103,26.76336463456028,10.56343681173117,30.32053449325926,10.053309752271298,1.71906689029671,,
21.08721434970746,21.08721434970746,,,,,28.69067158868355,10.662009781093712,26.91514016532178,10.904369158399916,30.47896065892532,10.457403011080748,1.71906689029671,,
21.400082588209308,21.400082588209308,,,,,28.83979423092659,11.037113036289693,27.06075727639982,11.248238670360982,30.631176556611493,10.863974360363676,1.8827494872794062,,
21.686397605041407,21.686397605041407,,,,,28.982783533930164,11.414733634851167,27.20021991659864,11.594874998445531,30.777369616001923,11.27279768852906,2.040110199272042,,
21.686397605041407,21.686397605041407,,,,,29.119744386029396,11.794673395427228,27.33353203472252,11.944107793484724,30.917727266780737,11.683646883985862,2.040110199272042,,
21.686397605041407,21.686397605041407,,,,,29.25078167555942,12.17673413666701,27.460697579575697,12.295766706309728,31.05243693863209,12.096295835143067,2.040110199272042,,
21.686397605041407,21.686397605041407,,,,,29.375974293202383,12.56073091970864,27.58172049996244,12.649681387751697,31.181632108790247,12.510546102992096,2.040110199272042,,
21.686397605041407,21.686397605041407,,,,,29.495290686494087,12.946535062389936,27.696604744686987,13.005681488641805,31.30522732715526,12.926311537859185,2.040110199272042,,
21.96030087420884,21.96030087420884,,,,,29.608669980200627,13.334032818760694,27.805354262553625,13.363596659811204,31.423081621184178,13.343534467913292,2.1979967287922677,,
21.96030087420884,21.96030087420884,,,,,29.716051298865025,13.723110442984368,27.90797300236659,13.723256552091064,31.535054018328086,13.762157221326449,2.1979967287922677,,
21.96030087420884,21.96030087420884,,,,,29.81737376703029,14.113654189224384,28.004464912930146,14.084490816312545,31.641003546038053,14.182122126270675,2.1979967287922677,,
22.286886693579746,22.286886693579746,,,,,29.91257650923943,14.505550311644186,28.094833943048542,14.447129103306803,31.740789231765152,14.60337151091801,2.3963246890079914,,
22.286886693579746,22.286886693579746,,,,,30.001598650035465,14.898685064407218,28.17908404152605,14.811001063905017,31.834270102960453,15.025847703440476,2.3963246890079914,,
22.286886693579746,22.286886693579746,,,,,30.084379313961406,15.292944701676921,28.25721915716691,15.175936348938336,31.92130518707504,15.449493032010098,2.3963246890079914,,
22.286886693579746,22.286886693579746,,,,,30.16085762556027,15.688215477616717,28.32924323877539,15.541764609237918,32.00175351155997,15.874249824798909,2.3963246890079914,,
22.537061986748846,22.537061986748846,,,,,30.23097371895291,16.08438392717348,28.395165079166055,15.908316754257003,32.07547410386632,16.300060409978936,2.555414260429814,,
24.663710377968165,24.663710377968165,,,,,30.294748835965656,16.481359142938643,28.455198545247416,16.275476977971852,32.14232599144517,16.72686711572221,4.212709953289093,,
24.663710377968165,24.663710377968165,,,,,30.352357724405014,16.879088933491335,28.50983402747172,16.643201323634546,32.202198941513274,17.154612270200758,4.212709953289093,,
24.663710377968165,24.663710377968165,,,,,30.404220436385227,17.277524918502134,28.559581451666684,17.011450910385335,32.255451267506885,17.583238201586596,4.212709953289093,,
24.663710377968165,24.663710377968165,,,,,30.45094478405104,17.67661871764163,28.604950743659998,17.380186857364453,32.30280641419951,18.01268723805177,4.212709953289093,,
24.914767864025418,24.914767864025418,,,,,30.49314398982073,18.076321950580407,28.64645182927938,17.749370283712132,32.344997479103846,18.442901707768296,4.4514916441692165,,
24.914767864025418,24.914767864025418,,,,,30.531431276112556,18.476586236989046,28.68459463435251,18.118962308568605,32.38275755973257,18.873823938908213,4.4514916441692165,,
24.914767864025418,24.914767864025418,,,,,30.56641986534481,18.877363196538113,28.71988908470709,18.488924051074104,32.41681975359837,19.30539625964353,4.4514916441692165,,
26.03454855234672,26.03454855234672,,,,,30.59872297993577,19.278604448898214,28.75284510617084,18.85921663036888,32.44791715821394,19.737560998146293,5.6643964130451945,,
26.03454855234672,26.03454855234672,,,,,30.628953842303694,19.680261613739916,28.783972624571433,19.22980116559317,32.47678287109196,20.170260482588525,5.6643964130451945,,
26.22089680328781,26.22089680328781,,,,,30.65772567486687,20.082286310733807,28.813781565736587,19.600638775887198,32.50414998974513,20.60343704114225,5.893562383610093,,
26.22089680328781,26.22089680328781,,,,,30.685651700043564,20.484630159550456,28.842781855493993,19.97169058039119,32.53075161168613,21.03703300197949,5.893562383610093,,
26.22089680328781,26.22089680328781,,,,,30.713310093114178,20.887244779860467,28.871475672398187,20.34291769824541,32.55724882540573,21.47099069327229,5.893562383610093,,
26.22089680328781,26.22089680328781,,,,,30.740625434013044,21.29008179133441,28.899834786444064,20.714281248590076,32.58341847839006,21.90525244319268,5.893562383610093,,
26.464353019821573,26.464353019821573,,,,,30.766767955574586,21.693092813642863,28.926968734517647,21.085742350565436,32.60844372983665,22.33976057991267,6.207312557957743,,
26.464353019821573,26.464353019821573,,,,,30.790845879881964,22.096229466456407,28.95190798972546,21.457262123311704,32.63149674708562,22.774457431604286,6.207312557957743,,
26.813402094873265,26.813402094873265,,,,,30.811967429018367,22.499443369445636,28.97368302517402,21.82880168596914,32.65174969747706,23.209285326439577,6.688533815359261,,
26.813402094873265,26.813402094873265,,,,,30.82924082506693,22.902686142281127,28.991324313969844,22.200322157677977,32.6683747483511,23.64418659259056,6.688533815359261,,
27.025930094175724,27.025930094175724,,,,,30.84177429011085,23.30590940463345,29.003862329219462,22.571784657578434,32.68054406704784,24.079103558229253,7.002165596602085,,
27.025930094175724,27.025930094175724,,,,,30.848676046233283,23.709064776173207,29.010327544029384,22.943150304810757,32.68742982090739,24.513978551527703,7.002165596602085,,
27.55067054494723,27.55067054494723,,,,,30.849054315517407,24.11210387657097,29.009750431506127,23.314380218515193,32.68820417726987,24.948753900657934,7.854692060548059,,
27.708659328290565,27.708659328290565,,,,,30.84201732004638,24.51497832549732,29.001161464756212,23.68543551783196,32.68203930347539,25.383371933791963,8.135221994459757,,
27.708659328290565,27.708659328290565,,,,,30.826682494530075,24.917637432154372,28.98359111688616,24.0562773219013,32.66812736968596,25.81776996139097,8.135221994459757,,
27.708659328290565,27.708659328290565,,,,,30.80234357777941,25.319986289791743,28.95606986100248,24.426866749863464,32.646019982886166,26.25179512913562,8.135221994459757,,
27.708659328290565,27.708659328290565,,,,,30.768452852146854,25.721890229942396,28.91762835075165,24.79716492085867,32.61557983790879,26.685216546273516,8.135221994459757,,
27.708659328290565,27.708659328290565,,,,,30.724671671582257,26.12321316766772,28.86782682549019,25.16713295402716,32.57667989930825,27.11780074589104,8.135221994459757,,
27.861260115901338,27.861260115901338,,,,,30.671505574307293,26.523819018029123,28.807918823047192,25.53673196850916,32.529193131639,27.54931426107456,8.418376715441346,,
27.861260115901338,27.861260115901338,,,,,30.609679050497647,26.923571696088004,28.739495597182245,25.905923083444925,32.47299249945543,27.9795236249105,8.418376715441346,,
27.861260115901338,27.861260115901338,,,,,30.53991659071806,27.32233511690577,28.664148401654924,26.274667417974683,32.40795096731198,28.408195370485227,8.418376715441346,,
28.938611830222083,28.938611830222083,,,,,30.462942685533285,27.719973195543798,28.583468490224824,26.642926091238667,32.3339414997631,28.83509603088514,10.845786297598933,,
28.938611830222083,28.938611830222083,,,,,30.37948182550808,28.116349847063496,28.499047116651514,27.010660222377112,32.25083706136317,29.259992139196616,10.845786297598933,,
29.048949695143857,29.048949695143857,,,,,30.29025850120718,28.511328986526266,28.412475534694586,27.37783093053026,32.15851061666665,29.682650228506038,11.149524162358384,,
29.2660605855806,29.2660605855806,,,,,30.19599720319534,28.904774528993507,28.325344998113625,27.74439933483835,32.056835130227974,30.102836831899815,11.78755188767843,,
29.2660605855806,29.2660605855806,,,,,30.097422422037297,29.296550389526605,28.239246760668234,28.1103265544416,31.945683566601534,30.520318482464305,11.78755188767843,,
29.373388851711525,29.373388851711525,,,,,29.995258648297813,29.686520483186975,28.155772076117962,28.475573708480265,31.824928890341784,30.934861713285926,12.125691627231806,,
29.373388851711525,29.373388851711525,,,,,29.890203378524284,30.074546470773534,28.076418545517946,28.840094130435297,31.69444406600315,31.346233057451055,12.125691627231806,,
29.46836453253957,29.46836453253957,,,,,29.782081829740036,30.46041716927782,28.000706760505647,29.203676798451518,31.554102058140028,31.75419904804608,12.43772290076513,,
29.74582038727809,29.74582038727809,,,,,29.669679077094536,30.84383453374838,27.92627390803058,29.565954117008623,31.40377583130688,32.15852621815737,13.437835588506752,,
29.74582038727809,29.74582038727809,,,,,29.55171930290609,31.224495434091303,27.85068225709173,29.92655226240911,31.243338350058117,32.558981100871335,13.437835588506752,,
29.97597255064915,29.97597255064915,,,,,29.42692668949302,31.602096740212637,27.771494076688093,30.2850974109555,31.072662578948165,32.95533022927437,14.389167266437942,,
30.04138397259416,30.04138397259416,,,,,29.29402557024169,31.976335423757533,27.686271635818656,30.641215738950283,30.891621887792997,33.34734041514792,14.683267494835441,,
30.04138397259416,30.04138397259416,,,,,29.15183422566499,32.346971726497614,27.592577203482406,30.994533422695966,30.70028173299024,33.73491056666032,14.683267494835441,,
30.119453594379475,30.119453594379475,,,,,28.999425007630663,32.71393699843687,27.48797304867832,31.34467663849507,30.49920614234997,34.11828245550324,15.054078242175054,,
30.119453594379475,30.119453594379475,,,,,28.835912796084386,33.077191230762566,27.370021440405424,31.691271562650094,30.289038984248723,34.49775275907947,15.054078242175054,,
30.188142921058876,30.188142921058876,,,,,28.66053376109283,33.436694414662,27.236619288859266,32.03394437146355,30.07042412706303,34.873618154791714,15.40190620656692,,
30.188142921058876,30.188142921058876,,,,,28.473520371262953,33.79240654132241,27.08775978751006,32.37232124123792,29.84400543916943,35.246175320042724,15.40190620656692,,
30.188142921058876,30.188142921058876,,,,,28.275593959082507,34.14428760193111,26.924246119163506,32.706028348275744,29.61042678894446,35.61572093223526,15.40190620656692,,
30.307138086124976,30.307138086124976,,,,,28.067479230064095,34.49229758767537,26.746883206778,33.03469186887951,29.370332044764634,35.982551668772075,16.04899306320798,,
30.307138086124976,30.307138086124976,,,,,27.849900889720356,34.83639648974244,26.55647597331197,33.357937979351725,29.124365075006498,36.34696420705589,16.04899306320798,,
30.361499497125493,30.361499497125493,,,,,27.62358364190004,35.176544296896324,26.353829341723806,33.6753928559949,28.87316973211253,36.7092552009517,16.36856946015471,,
30.361499497125493,30.361499497125493,,,,,27.38904295932572,35.512396264882526,26.13974823497192,33.986682675111545,28.616958706279114,37.069084391412794,16.36856946015471,,
30.415020772155316,30.415020772155316,,,,,27.146006971498075,35.84246092963987,25.91503757601471,34.29143361300416,28.354389189843523,37.4238137378044,16.70440536331114,,
30.456812652958117,30.456812652958117,,,,,26.89401864132044,36.16497714268138,25.680502287810608,34.58927184597524,28.083767713955307,37.77028720275129,16.978217419795552,,
30.456812652958117,30.456812652958117,,,,,26.632614755396773,36.47818332845813,25.436927277309497,34.879822093354946,27.803400809763954,38.105348748878214,16.978217419795552,,
30.51324660057703,30.51324660057703,,,,,26.361188979077795,36.780308015262506,25.18477561085074,35.162685647580815,27.511595008419018,38.42584233880994,17.37777055795657,,
30.555728955451237,30.555728955451237,,,,,26.078991261515302,37.06956979409052,24.92425065305707,35.4374448973101,27.206656841070025,38.72861193517124,17.69687907930643,,
30.555728955451237,30.555728955451237,,,,,25.785265256571968,37.344186820648645,24.655548359882523,35.70368169192035,26.886892838866522,39.01050150058686,17.69687907930643,,
30.555728955451237,30.555728955451237,,,,,25.479290136322298,37.602431784391726,24.37886468728109,35.96097788078919,26.55068601106691,39.268473645935075,17.69687907930643,,
30.595066647924906,30.595066647924906,,,,,25.16115202243222,37.843816344409205,24.094395591206805,36.20891531329419,26.198048792095243,39.502018874753844,18.017502241762028,,
30.595066647924906,30.595066647924906,,,,,24.831738486223024,38.069082684964926,23.802337027613675,36.44707583881295,25.830554151469386,39.713048707079594,18.017502241762028,,
30.595066647924906,30.595066647924906,,,,,24.491971517224542,38.27902583515426,23.502884952455723,36.675041306723045,25.44983775074131,39.90357192346495,18.017502241762028,,
30.66348501005169,30.66348501005169,,,,,24.142773104966555,38.47442372811987,23.196235321686956,36.89234040306668,25.057535251462905,40.07559730446254,18.63911188043558,,
30.69807500300228,30.69807500300228,,,,,23.78506523897888,38.65563290105773,22.8825840912614,37.09759643085544,24.655282315186135,40.23113363062498,18.988927344133707,,
30.69807500300228,30.69807500300228,,,,,23.419769908791324,38.82257221295281,22.562127217133057,37.28867486059184,24.244714603462945,40.37218968250491,18.988927344133707,,
30.69807500300228,30.69807500300228,,,,,23.0478091039337,38.975140168917335,22.23506065525596,37.463417802613556,23.827467777845264,40.50077424065492,18.988927344133707,,
30.731075946500518,30.731075946500518,,,,,22.670104813935808,39.11323527406347,21.901580361584102,37.61966736725831,23.40517749988502,40.618896085627675,19.36428568830384,,
30.731075946500518,30.731075946500518,,,,,22.287497035703865,39.23661192207922,21.561882292071513,37.755265664863806,22.97930958712971,40.72826198436621,19.36428568830384,,
30.731075946500518,30.731075946500518,,,,,21.90040624340119,39.3442871473962,21.216162402672218,37.86805480576771,22.550496319127113,40.82909652126163,19.36428568830384,,
30.731075946500518,30.731075946500518,,,,,21.509119185291922,39.43504401478769,20.864617399592245,37.955886368622785,22.119114685826545,40.92117032924903,19.36428568830384,,
30.75520908295242,30.75520908295242,,,,,21.113972824943595,39.50832472755825,20.507566295383796,38.01815546006015,21.685541611251388,41.00425392403515,19.665923837859005,,
30.75520908295242,30.75520908295242,,,,,20.715437061972956,39.56531470132526,20.14558482827871,38.05749711073676,21.250154019425022,41.07811782132674,19.665923837859005,,
30.834419794257926,30.834419794257926,,,,,20.314003516590752,39.607484177433406,19.77928109977898,38.07695478157106,20.813328834370843,41.14253253683056,20.98162328922639,,
30.834419794257926,30.834419794257926,,,,,19.910163809007695,39.636303397227316,19.409263211386577,38.079571933481525,20.375442980112197,41.19726858625335,20.98162328922639,,
30.84966096053996,30.84966096053996,,,,,19.504409559434535,39.653242602051634,19.036139264603484,38.06839202738665,19.936873380672477,41.242096485301865,21.35714908767383,,
30.84966096053996,30.84966096053996,,,,,19.097232388082,39.65977203325102,18.660517360931703,38.04645852420489,19.497996960075056,41.27678674968285,21.35714908767383,,
30.85873732516246,30.85873732516246,,,,,18.689123915160827,39.65736193217012,18.283005601873207,38.016814884854725,19.059190642343324,41.30110989510305,21.63199626969697,,
30.85873732516246,30.85873732516246,,,,,18.280575760881746,39.64736554395061,17.90421208892997,37.98220145179351,18.62083135150063,41.31483643726923,21.63199626969697,,
30.85873732516246,30.85873732516246,,,,,17.8720795454555,39.62998602631112,17.524744923603993,37.94308083396088,18.18329601157037,41.317736891888124,21.63199626969697,,
30.87385326020309,30.87385326020309,,,,,17.464126889092817,39.604773439323225,17.145212207397254,37.898879893181636,17.746961546575925,41.30958177466648,22.336186596771462,,
30.876271021158132,30.876271021158132,,,,,17.057209412004447,39.57127033537776,16.76622204181174,37.84902027863701,17.312204880540673,41.29014160131107,22.673272196330394,,
30.876271021158132,30.876271021158132,,,,,16.651818734401097,39.52901926686556,16.388382528349425,37.79292363950827,16.879402937487974,41.25918688752863,22.673272196330394,,
30.876913440613386,30.876913440613386,,,,,16.24844647649352,39.47756278617748,16.012301768512298,37.7300116249766,16.448932641441218,41.216488149025885,22.959519433465708,,
30.876913440613386,30.876913440613386,,,,,15.847584258492457,39.416443445704346,15.638587863802359,37.65970588422326,16.021170916423785,41.16181590150963,22.959519433465708,,
30.87408176394407,30.87408176394407,,,,,15.44972337467934,39.345204274326264,15.267848915721565,37.58142806642948,15.596493899875352,41.09494180630871,23.30637786578191,,
30.87408176394407,30.87408176394407,,,,,15.05529621481119,39.26347441583485,14.900693025771915,37.494599820776486,15.175155828643154,41.01581506722873,23.30637786578191,,
30.87408176394407,30.87408176394407,,,,,14.664608429065524,39.17106829974955,14.537728295455393,37.39864279644551,14.757158251417735,40.924752916484856,23.30637786578191,,
30.85979076292752,30.85979076292752,,,,,14.277949222164944,39.0678243978669,14.179562813617654,37.292978657652874,14.342471329034339,40.82211830122658,24.037174976326988,,
30.85979076292752,30.85979076292752,,,,,13.895547212959638,38.953665286497085,13.82665114663634,37.177211445715805,13.931065222328161,40.708274168603346,24.037174976326988,,
30.850067683126706,30.850067683126706,,,,,13.517362752080434,38.828885948375216,13.478911957702293,37.05158182843897,13.522910092134442,40.58358346576463,24.336273884353353,,
30.850067683126706,30.850067683126706,,,,,13.143281963277328,38.6938844070191,13.136147046900868,36.916469301217916,13.117976099288382,40.448409139859905,24.336273884353353,,
30.850067683126706,30.850067683126706,,,,,12.773190967693605,38.549058689565214,12.798158214317427,36.77225335944819,12.716233404625214,40.30311413803864,24.336273884353353,,
30.819119288250924,30.819119288250924,,,,,12.406975886472555,38.394806823150006,12.464747260037328,36.61931349852538,12.31765216898016,40.14806140745028,25.032147597622743,,
30.819119288250924,30.819119288250924,,,,,12.044522840757452,38.23152683490996,12.135715984145923,36.458029213845,11.92220255318844,39.983613895244325,25.032147597622743,,
30.819119288250924,30.819119288250924,,,,,11.685717951691583,38.05961675198149,11.810866186728584,36.28878000080262,11.529854718085277,39.81013454857022,25.032147597622743,,
30.802062818374154,30.802062818374154,,,,,11.330447340418228,37.879474601501066,11.489999667870658,36.11194535479378,11.140578824505887,39.62798631457745,25.335106411115127,,
30.802062818374154,30.802062818374154,,,,,10.978597128080686,37.69149841060517,11.172918227657524,35.92790477121405,10.754345033285512,39.43753214041547,25.335106411115127,,
30.758239508420605,30.758239508420605,,,,,10.630053435822205,37.49608620643023,10.859423666174505,35.73703774545898,10.371123505259337,39.23913497323376,25.956772196940168,,
30.758239508420605,30.758239508420605,,,,,10.284702384786087,37.293636016112714,10.549317783506979,35.53972377292409,9.990884401262605,39.03315776018179,25.956772196940168,,
30.724338639509735,30.724338639509735,,,,,9.942430096115608,37.08454586678907,10.242402379740305,35.336342349004966,9.613597882130533,38.819963448409005,26.356366191952425,,
30.724338639509735,30.724338639509735,,,,,9.603122690954052,36.869213785595775,9.938479254959839,35.12727296909715,9.23923410869834,38.59991498506489,26.356366191952425,,
30.724338639509735,30.724338639509735,,,,,9.266666290444704,36.64803779966926,9.637350209250942,34.91289512859619,8.867763241801253,38.373375317298915,26.356366191952425,,
30.65579405411893,30.65579405411893,,,,,8.932947015730846,36.42141593614601,9.338817042698969,34.69358832289764,8.49915544227449,38.140707392260545,27.01230547376486,,
30.65579405411893,30.65579405411893,,,,,8.601850987955753,36.189746222162455,9.04268155538928,34.46973204739706,8.133380870953273,37.90227415709925,27.01230547376486,,
30.617138365926365,30.617138365926365,,,,,8.273264328262728,35.95342668485509,8.748745547407246,34.241705797490006,7.770409688672837,37.6584385589645,27.327332839296506,,
30.574623125837753,30.574623125837753,,,,,7.947073157795024,35.71285535136032,8.4568108188382,34.00988906857201,7.410212056268374,37.40956354500574,27.649438884753696,,
30.574623125837753,30.574623125837753,,,,,7.623163597695933,35.46843024881463,8.166679169767512,33.77466135603862,7.05275813457512,37.15601206237246,27.649438884753696,,
30.52341738189716,30.52341738189716,,,,,7.301421769108741,35.22054940435448,7.878152400280544,33.536402155285415,6.698018084428296,36.898147058214136,28.001069486023944,,
30.52341738189716,30.52341738189716,,,,,6.981733793176726,34.969610845116314,7.59103231046265,33.29549096170793,6.345962066663121,36.63633147968023,28.001069486023944,,
30.473274191244343,30.473274191244343,,,,,6.663985791043174,34.7160125982366,7.305120700399188,33.05230727070171,5.996560242114822,36.370928273920185,28.318588902168962,,
30.473274191244343,30.473274191244343,,,,,6.348063883851365,34.46014623258853,7.020219370175521,32.807230577662324,5.6497827716186135,36.1023003880835,28.318588902168962,,
30.473274191244343,30.473274191244343,,,,,6.033854192744581,34.20234730263381,6.7361301198770045,32.56064037798531,5.30559981600972,35.830810769319626,28.318588902168962,,
30.473274191244343,30.473274191244343,,,,,5.721242838866119,33.942922604409695,6.452654749589007,32.31291616706625,4.96398153612338,35.55682236477806,28.318588902168962,,
30.418765853985114,30.418765853985114,,,,,5.41011594335923,33.68217869874741,6.169595059396869,32.06443744030066,4.62489809279478,35.28069812160824,28.63779627599857,,
30.358767886080404,30.358767886080404,,,,,5.1003453180483795,33.42042214647819,5.886752849385955,31.815583693084093,4.288289686707037,35.00280098695962,28.960741504343044,,
30.358767886080404,30.358767886080404,,,,,4.791696313274826,33.1579595084333,5.603929919641622,31.566734420812118,3.953882571496505,34.723493907981705,28.960741504343044,,
30.143985645716352,30.143985645716352,,,,,4.483886285094623,32.89509734544399,5.320928070249236,31.318269118880284,3.6213099587532103,34.44313983182395,29.96459876339383,,
30.143985645716352,30.143985645716352,,,,,4.176632357155288,32.63214221834149,5.037549101294151,31.07056728268414,3.290204678911632,34.162101705635806,29.96459876339383,,
30.067481678794778,30.067481678794778,,,,,3.8696516531043468,32.36940068795706,4.753594812861723,30.82400840761923,2.960199562406253,33.88074247656677,30.273380510516905,,
30.067481678794778,30.067481678794778,,,,,3.562661296589327,32.10717931512195,4.4688670050373265,30.578971989081136,2.6309274396715674,33.59942509176631,30.273380510516905,,
29.90224583807862,29.90224583807862,,,,,3.2553784112577278,31.845784660667377,4.183167477906295,30.335837522465376,2.30202114114203,33.31851249838386,30.877216379645713,,
29.90224583807862,29.90224583807862,,,,,2.947520120757079,31.585523285424614,3.896298031553996,30.09498450316751,1.9731134972521371,33.03836764356891,30.877216379645713,,
29.90224583807862,29.90224583807862,,,,,2.6388108681436533,31.32669717983813,3.6080794979318425,29.856749411329307,1.6438373384363696,32.759353474470934,30.877216379645713,,
29.90224583807862,29.90224583807862,,,,,2.329026266370618,31.06957638283459,3.3184380755737326,29.621230580697727,1.3138254951292079,32.481832938239386,30.877216379645713,,
29.796580987444383,29.796580987444383,,,,,2.0179637662857095,30.814417297317906,3.0273362228767096,29.388444391562764,0.9827107977651346,32.20616898202374,31.226970303921455,,
29.796580987444383,29.796580987444383,,,,,1.7054209003132392,30.561476275253924,2.7347364316270633,29.158407148749028,0.6501260767786314,31.93272455297347,31.226970303921455,,
29.796580987444383,29.796580987444383,,,,,1.391195200877517,30.311009668608477,2.4406011936110827,28.931135157081158,0.3157041626041798,31.661862598238038,31.226970303921455,,
29.796580987444383,29.796580987444383,,,,,1.0750842004028658,30.06327382934745,2.14489300061507,28.706644721383764,-0.02092211432372576,31.39394606496692,31.226970303921455,,
29.56848849221311,29.56848849221311,,,,,0.7568854313135698,29.818525109436656,1.8475743444252934,28.48495214648146,-0.3601199235706306,31.129337900309572,31.905358140420603,,
29.56848849221311,29.56848849221311,,,,,0.43639642603395185,29.577019860841958,1.5486077168280519,28.266073737198845,-0.7022564347020392,30.868401051415464,31.905358140420603,,
29.2273169302895,29.2273169302895,,,,,0.11341471698832295,29.33901443552921,1.247955609609639,28.05002579836056,-1.0476988172834711,30.61149846543407,32.77413915727681,,
29.2273169302895,29.2273169302895,,,,,-0.2122621633990074,29.104765185464256,0.9455805145563418,27.836824634791228,-1.3968142408804434,30.358993089514854,32.77413915727681,,
28.94961858381425,28.94961858381425,,,,,-0.540836682703729,28.874528462612943,0.6414449234544526,27.62648655131545,-1.7499698750584758,30.111247870807286,33.3911282082056,,
28.94961858381425,28.94961858381425,,,,,-0.8725113085015311,28.64856053188575,0.3355113280902611,27.419027852757836,-2.1075328893830854,29.868625756460837,33.3911282082056,,
28.640205681427478,28.640205681427478,,,,,-1.207485707926745,28.427088967146037,0.027742220250069505,27.214464843943038,-2.46986426937975,29.63148684762274,34.00089250825686,,
28.640205681427478,28.640205681427478,,,,,-1.5458249892108187,28.210213296520223,-0.28189990827985656,27.012813829695638,-2.837050483991456,29.400064908158225,34.00089250825686,,
28.640205681427478,28.640205681427478,,,,,-1.8874029518710722,27.997935394838215,-0.5934525657132146,26.81409111484027,-3.208800301271528,29.1744198774468,34.00089250825686,,
28.640205681427478,28.640205681427478,,,,,-2.2320788026166034,27.790250436923152,-0.906953260263715,26.618313004201553,-3.5847950074291344,28.954599047247658,34.00089250825686,,
28.47915465758999,28.47915465758999,,,,,-2.579711748156509,27.587153597598114,-1.2224395001450663,26.425495802604093,-3.9647158886734415,28.740649709320003,34.29271787388201,,
28.47915465758999,28.47915465758999,,,,,-2.930160995199886,27.38864005168621,-1.5399487935709797,26.235655814872523,-4.348244231213614,28.532619155423053,34.29271787388201,,
28.47915465758999,28.47915465758999,,,,,-3.283285750455832,27.194704974010552,-1.8595186487551643,26.048809345831454,-4.735061321258822,28.330554677315988,34.29271787388201,,
28.47915465758999,28.47915465758999,,,,,-3.6389452206334427,27.00534353939424,-2.18118657391133,25.864972700305497,-5.124848445018231,28.134503566758024,34.29271787388201,,
28.47915465758999,28.47915465758999,,,,,-3.996998612441803,26.820550922660395,-2.504990077253174,25.68416218311929,-5.517286888700991,27.94451311550838,34.29271787388201,,
28.30379070072146,28.30379070072146,,,,,-4.357305132590037,26.640322298630952,-2.830966666994431,25.506394099097424,-5.912057938516303,27.760630614838536,34.59320457852415,,
28.30379070072146,28.30379070072146,,,,,-4.719723987787228,26.46457459951867,-3.1591538513487993,25.331684753064533,-6.308842880673315,27.58274126525587,34.59320457852415,,
28.30379070072146,28.30379070072146,,,,,-5.084114384742474,26.29291407071039,-3.489589138529989,25.160050449845222,-6.707323001381195,27.410109771888106,34.59320457852415,,
28.30379070072146,28.30379070072146,,,,,-5.45033553016487,26.124869852629793,-3.822310036751708,24.991507494264127,-7.107179586849111,27.2418523859697,34.59320457852415,,
28.30379070072146,28.30379070072146,,,,,-5.818226216840932,25.959950896385394,-4.157301236471704,24.826007298609774,-7.508093923286226,27.07708535873507,34.59320457852415,,
28.132998888750617,28.132998888750617,,,,,-6.187478360676274,25.79752089224104,-4.494243818057754,24.663128256129013,-7.909747296901714,26.914924941418636,34.87072594775394,,
28.132998888750617,28.132998888750617,,,,,-6.55771957823045,25.63687993857829,-4.832710589093675,24.50231573481213,-8.31182099390472,26.754487385254848,34.87072594775394,,
27.78926343420745,27.78926343420745,,,,,-6.92857721417189,25.47732786487908,-5.172274223709382,24.343014938686252,-8.713996300504444,26.594888941478104,35.387179792365835,,
27.56669118560931,27.56669118560931,,,,,-7.299678613168982,25.318164500625326,-5.512507396034746,24.18467107177852,-9.115954502910036,26.435245861322848,35.696130674115835,,
27.56669118560931,27.56669118560931,,,,,-7.670651119890133,25.158689675298966,-5.852982780199648,24.026729338116077,-9.517376887330666,26.274674396023514,35.696130674115835,,
26.498457069856187,26.498457069856187,,,,,-8.041122079003742,24.99820321838193,-6.193273050333978,23.868634941726082,-9.917944739975498,26.112290796814516,36.95351761117167,,
26.283939824374688,26.283939824374688,,,,,-8.410718835178214,24.836004959356146,-6.532950880567624,23.709833086635662,-10.3173393470537,25.947211314930296,37.16835732306432,,
26.283939824374688,26.283939824374688,,,,,-8.77906873308195,24.67139472770353,-6.871588945030466,23.549768976871963,-10.715241994774438,25.778552201605272,37.16835732306432,,
26.045336559232044,26.045336559232044,,,,,-9.145799117383355,24.503680964652105,-7.208759917852394,23.38788781646213,-11.111333969346878,25.605447968656325,37.39407251202691,,
26.045336559232044,26.045336559232044,,,,,-9.510537332750816,24.332313485966502,-7.5440364731632785,23.223634809433307,-11.505296556980175,25.427318689657515,37.39407251202691,,
24.990008160357156,24.990008160357156,,,,,-9.872910723852767,24.156857717532816,-7.876991285093034,23.05645515981263,-11.896811043883524,25.24381074573847,38.2513479085966,,
24.990008160357156,24.990008160357156,,,,,-10.232553224722295,23.9768900808052,-8.207217938599925,22.88581927734569,-12.285558716266078,25.05457672648155,38.2513479085966,,
24.70150468227674,24.70150468227674,,,,,-10.589320054173466,23.79224229437004,-8.534800691685316,22.71178902450966,-12.671220860337002,24.859269221469138,38.44950446452335,,
24.70150468227674,24.70150468227674,,,,,-10.943335196433821,23.603056152540653,-8.860319939191882,22.53502430252499,-13.05347876230546,24.657540820283618,38.44950446452335,,
24.70150468227674,24.70150468227674,,,,,-11.294738833848527,23.409492137463083,-9.184378079592348,22.356211535583526,-13.432013708380628,24.44904411250734,38.44950446452335,,
24.468366913963038,24.468366913963038,,,,,-11.643671148762742,23.211710731283397,-9.507577511359447,22.176037147877132,-13.806506984771662,24.233431687722703,38.59904317266492,,
22.33556951214374,22.33556951214374,,,,,-11.990272329085531,23.00987242390395,-9.830520632965886,21.995187563597668,-14.176639900462044,24.01035616740463,39.59942840404225,,
22.33556951214374,22.33556951214374,,,,,-12.334759402841435,22.804244823191837,-10.15380984288443,21.814349206936985,-14.542252174617026,23.779692006407807,39.59942840404225,,
22.00204464687844,22.00204464687844,,,,,-12.677619236322155,22.5954717015453,-10.478047539587786,21.634208502086942,-14.903720633138262,23.542065809488882,39.702847258918666,,
21.713120373933776,21.713120373933776,,,,,-13.019397895689771,22.384279358172808,-10.80383612154869,21.455451873239404,-15.261535828252066,23.298263440706414,39.78268370149343,,
21.713120373933776,21.713120373933776,,,,,-13.36064144710637,22.171394092282867,-11.13177798723986,21.278765744586217,-15.616188312184763,23.04907076411897,39.78268370149343,,
21.37303890808985,21.37303890808985,,,,,-13.701895956734038,21.957542203083964,-11.462475535134033,21.10483654031925,-15.968168637162659,22.79527364378515,39.86424806124777,,
21.37303890808985,21.37303890808985,,,,,-14.043694894289176,21.74343581260083,-11.79649132401315,20.934305478666513,-16.317967355412076,22.537657943763513,39.86424806124777,,
21.02592208359209,21.02592208359209,,,,,-14.38613472074799,21.529295193540776,-12.133420157642641,20.76671566947623,-16.666075019159322,22.277009528112625,39.93524326686435,,
21.02592208359209,21.02592208359209,,,,,-14.728772930800037,21.314734017012974,-12.471859612570688,20.600478672209356,-17.012982180630704,22.01411426089109,39.93524326686435,,
20.40523130373813,20.40523130373813,,,,,-15.071133749673905,21.099328509654217,-12.810361529551564,20.43395415007439,-17.359179392052567,21.749758006157457,40.034778335461496,,
20.40523130373813,20.40523130373813,,,,,-15.412741402598126,20.882654898101322,-13.147477749339501,20.26550176627988,-17.705157205651208,21.484726627970304,40.034778335461496,,
20.40523130373813,20.40523130373813,,,,,-15.753119685694763,20.664288931017378,-13.481760112688734,20.093481184034353,-18.051405078664015,21.219804766558166,40.034778335461496,,
20.05195659837271,20.05195659837271,,,,,-16.09153820302126,20.4435232172605,-13.811760460353506,19.91625206654632,-18.39789090971,20.95519413469721,40.07491883984946,,
20.05195659837271,20.05195659837271,,,,,-16.426583939456393,20.218890008903514,-14.136030633088065,19.732174077024332,-18.743227803768647,20.689582240667782,40.07491883984946,,
19.703353590927737,19.703353590927737,,,,,-16.75673047710582,19.988795240783052,-14.453122471646651,19.539606878676913,-19.08581172687172,20.421413904298447,40.1045873395471,,
19.408495813066995,19.408495813066995,,,,,-17.080451398075205,19.75164484773579,-14.761587816783493,19.33691013471259,-19.424038645050977,20.14913394541779,40.12029129752772,,
19.408495813066995,19.408495813066995,,,,,-17.39622028447024,19.505844764598343,-15.059978509252854,19.12244350833988,-19.756304524338184,19.871187183854342,40.12029129752772,,
19.055415807335653,19.055415807335653,,,,,-17.702517960106967,19.24980906413347,-15.346872227344154,18.894595736455585,-20.081005330765098,19.586018439436682,40.12972534156836,,
19.055415807335653,19.055415807335653,,,,,-17.998313102381434,18.98250004820507,-15.62194632767233,18.652992969068855,-20.39653703036347,19.29207253199337,40.12972534156836,,
19.055415807335653,19.055415807335653,,,,,-18.283362946771085,18.70376616670571,-15.886364368611948,18.39893370482236,-20.70129558916506,18.987794281352972,40.12972534156836,,
18.37837088739658,18.37837088739658,,,,,-18.557519617789143,18.413569941083114,-16.141395256019326,18.133834984619913,-20.993725866118208,18.6716994610237,40.119923027986104,,
18.37837088739658,18.37837088739658,,,,,-18.82103367776311,18.112449820010045,-16.388307895750756,17.859113849365343,-21.273076355969447,18.343470085371802,40.119923027986104,,
18.07704571596166,18.07704571596166,,,,,-19.074491647376888,17.80142986762302,-16.628371193662556,17.576187339962487,-21.53925324903094,18.00374262032293,40.1038709308979,,
18.07704571596166,18.07704571596166,,,,,-19.318490561875322,17.481549346470175,-16.862854055611024,17.286472497315167,-21.7921820725212,17.653181593631643,40.1038709308979,,
17.69936787940178,17.69936787940178,,,,,-19.553627456503264,17.153847519099585,-17.093025387452485,16.991386362327198,-22.03178835365879,17.292451533052482,40.074444253544094,,
17.69936787940178,17.69936787940178,,,,,-19.780499366505545,16.8193636480594,-17.320154095043243,16.692345975902413,-22.257997619662223,16.922216966340013,40.074444253544094,,
17.078485481560158,17.078485481560158,,,,,-19.99970332712701,16.479136995897726,-17.5455090842396,16.39076837894464,-22.47073539775004,16.543142421248813,40.00305573207923,,
17.078485481560158,17.078485481560158,,,,,-20.211836373612503,16.134206825162686,-17.770359199702032,16.088070562429237,-22.669927215140774,16.155892425533448,40.00305573207923,,
16.728101207481355,16.728101207481355,,,,,-20.417271454231553,15.785430389879313,-17.99543043731063,15.785226617787695,-22.855498599052954,15.761131506948463,39.9496222942825,,
16.728101207481355,16.728101207481355,,,,,-20.61544326412497,15.432902873604263,-18.219583289225564,15.481688608998372,-23.027375076705123,15.359524193248427,39.9496222942825,,
16.728101207481355,16.728101207481355,,,,,-20.8055409736716,15.076520039114637,-18.441277828966456,15.176581906419509,-23.185482175315798,14.951735012187925,39.9496222942825,,
16.728101207481355,16.728101207481355,,,,,-20.986753752421688,14.716177648514472,-18.65897413005294,14.869031880409294,-23.329745422103542,14.53842849152148,39.9496222942825,,
16.3783031111706,16.3783031111706,,,,,-21.158270769925444,14.351771463907856,-18.871132266004643,14.558163901325953,-23.460090344286858,14.120269159003675,39.88823774340174,,
16.3783031111706,16.3783031111706,,,,,-21.319281195733083,13.983197247398834,-19.07621231034118,14.243103339527707,-23.576442469084302,13.697921542389066,39.88823774340174,,
16.3783031111706,16.3783031111706,,,,,-21.468974199394825,13.610350761091482,-19.272674336582185,13.922975565372774,-23.678727323714398,13.272050169432223,39.88823774340174,,
16.082337927687473,16.082337927687473,,,,,-21.60653614229644,13.233131017858575,-19.458968429210426,13.596917296848778,-23.766870275713494,12.843319567887704,39.828482929134346,,
16.082337927687473,16.082337927687473,,,,,-21.73084637206936,12.851654361212024,-19.63311608330262,13.264552133093208,-23.84054333084725,12.412394265510077,39.828482929134346,,
14.761796168668523,14.761796168668523,,,,,-21.840103085704087,12.466387476798996,-19.79255755774833,12.926163962413444,-23.898651620155345,11.979938790053899,39.486122974294915,,
14.435550552671407,14.435550552671407,,,,,-21.932402639020733,12.077828819675549,-19.934691701998332,12.582083714585636,-23.9399557383508,11.546617669273749,39.38154764612028,,
14.435550552671407,14.435550552671407,,,,,-22.00584138783944,11.686476844897692,-20.056917365503423,12.232642319385898,-23.963216280146668,11.11309543092416,39.38154764612028,,
14.435550552671407,14.435550552671407,,,,,-22.058515687980325,11.292830007521488,-20.15663339771439,11.878170706590385,-23.967193840255973,10.680036602759706,39.38154764612028,,
14.435550552671407,14.435550552671407,,,,,-22.088521895263526,10.897386762602977,-20.231238648082037,11.518999805975248,-23.950649013391743,10.24810571253495,39.38154764612028,,
13.47275770776184,13.47275770776184,,,,,-22.09395641704805,10.500645575806193,-20.27813320887559,11.155460795979467,-23.912342394267025,9.817967288004464,39.0298866779402,,
13.47275770776184,13.47275770776184,,,,,-22.073392401814623,10.103203028662325,-20.295869420096476,10.788115396515831,-23.851035864150173,9.39028609943787,39.0298866779402,,
13.190282330454972,13.190282330454972,,,,,-22.027304061551785,9.706042220952817,-20.286285436682302,10.418182752629646,-23.766032189874288,8.965828873777653,38.91476085965408,,
13.190282330454972,13.190282330454972,,,,,-21.957203786411966,9.310347414004681,-20.251801276794364,10.046998428432547,-23.65801080371705,8.54562183875079,38.91476085965408,,
12.893829663721341,12.893829663721341,,,,,-21.864715122889812,8.9173237171488,-20.194836958593935,9.675897988036123,-23.52786694639794,8.13073190187331,38.78797430853831,,
12.600155174647243,12.600155174647243,,,,,-21.75146161748,8.5281762397161,-20.117812500242312,9.306216995552004,-23.376495858636414,7.72222597066127,38.6563997202948,,
12.600155174647243,12.600155174647243,,,,,-21.619066816677197,8.144110091037497,-20.023147919900772,8.939291015091813,-23.204792781151927,7.32117095263073,38.6563997202948,,
12.307571452344769,12.307571452344769,,,,,-21.46903922183813,7.766318684498817,-19.91296583367139,8.576431948830775,-23.013652954663957,6.928633755297741,38.519263971488506,,
12.307571452344769,12.307571452344769,,,,,-21.302094307612588,7.3959148112450395,-19.78770531324691,8.218817752592773,-22.803971619891968,6.545681286178355,38.519263971488506,,
11.970935924924188,11.970935924924188,,,,,-21.118613332331073,7.0339772846643465,-19.647213690189194,7.867579302106236,-22.57664401755543,6.173380452788628,38.354654367423635,,
11.705308409358883,11.705308409358883,,,,,-20.918978421272143,6.681580877369418,-19.491337645721543,7.523847421357285,-22.332569836030572,5.812789226780502,38.21893360271077,,
11.705308409358883,11.705308409358883,,,,,-20.703809262096414,6.33934335793899,-19.319923861067263,7.1887529343320535,-22.073116681607043,5.46402547783612,38.21893360271077,,
11.421263137879595,11.421263137879595,,,,,-20.474182105674963,6.007004194156988,-19.132819017449634,6.863426665016632,-21.800525399291693,5.125452636633188,38.068714672031355,,
11.421263137879595,11.421263137879595,,,,,-20.231224992824707,5.68420322433769,-18.929869796091964,6.548999437397156,-21.517132376948695,4.79524217704292,38.068714672031355,,
11.138915220646785,11.138915220646785,,,,,-19.97607593106352,5.370570770158624,-18.710953289142086,6.246572363764168,-21.225274002442227,4.471565572936517,37.913261855715064,,
10.810798517442814,10.810798517442814,,,,,-19.710161111109485,5.06546198352623,-18.476596538330192,5.9566115509150395,-20.927286663636465,4.152594298185182,37.72555081989813,,
10.810798517442814,10.810798517442814,,,,,-19.435232044452224,4.767921386018127,-18.22795016846719,5.678973860418812,-20.625506748395587,3.8364998266601176,37.72555081989813,,
10.530999094274316,10.530999094274316,,,,,-19.153057671024452,4.476976857781438,-17.96618993915299,5.413491596971943,-20.32227064458378,3.5214536322325274,37.56007369808452,,
10.530999094274316,10.530999094274316,,,,,-18.86540693075889,4.191656278963286,-17.692491609987485,5.1599970652708995,-20.019914740065218,3.205627188773611,37.56007369808452,,
10.25364850927634,10.25364850927634,,,,,-18.573809253882192,3.9112313797336817,-17.408030940570594,4.918322570012153,-19.72028674453799,2.8877018412368103,37.39016464082369,,
9.953630276874287,9.953630276874287,,,,,-18.27812341051042,3.636674825530982,-17.1139836905022,4.6883004158921455,-19.42193770870851,2.5697985625442743,37.202155288613085,,
9.953630276874287,9.953630276874287,,,,,-17.977496600324294,3.369683747076384,-16.81152561938219,4.4697629076073495,-19.122055949956053,2.2554601577451843,37.202155288613085,,
9.662343680698351,9.662343680698351,,,,,-17.671072803803547,3.1119578281260503,-16.501829861503428,4.262541953188888,-18.817825467913043,1.9482339368869142,37.012282903133475,,
9.662343680698351,9.662343680698351,,,,,-17.357878003763688,2.8651713715508698,-16.185795863105398,4.066428108337494,-18.50643026221189,1.6516672100168366,37.012282903133475,,
9.433064702918076,9.433064702918076,,,,,-17.036678060924235,2.6309427288677725,-15.86381367606114,3.8811349628656044,-18.185054332485002,1.3693072871823242,36.8591223246763,,
9.141571085000008,9.141571085000008,,,,,-16.70620412228888,2.410882784794703,-15.536217803129114,3.706367713507076,-17.850881678364807,1.1047014784307507,36.66042841940773,,
9.141571085000008,9.141571085000008,,,,,-16.365214053363303,2.2065724200823653,-15.203342747067783,3.5418315569957715,-17.501152851702344,0.8613318980499195,36.66042841940773,,
8.853673463924565,8.853673463924565,,,,,-16.013498363476888,2.018432891656988,-14.865523010635568,3.387231690065534,-17.135165698290493,0.6403089259470834,36.45792904330103,,
8.853673463924565,8.853673463924565,,,,,-15.652185520181991,1.8453829749543238,-14.523093096590943,3.2422733094502254,-16.754811643207617,0.43975295550656923,36.45792904330103,,
8.311516736073825,8.311516736073825,,,,,-15.282493059567543,1.6862414244787316,-14.176387507692354,3.106661611883702,-16.362147728257945,0.2575934502339933,36.06184560718266,,
8.311516736073825,8.311516736073825,,,,,-14.905638517722474,1.5398269947345726,-13.825740746698255,2.980101794099819,-15.959230995245713,0.09175987363497201,36.06184560718266,,
8.311516736073825,8.311516736073825,,,,,-14.522839430735726,1.4049584402262068,-13.4714873163671,2.8622990528324332,-15.54811848597515,-0.05981831078487825,36.06184560718266,,
8.048224855548897,8.048224855548897,,,,,-14.135313334696226,1.2804545154579947,-13.113961719457343,2.7529585848154,-15.13086724225049,-0.19921163951994128,35.863095928818645,,
8.048224855548897,8.048224855548897,,,,,-13.744277765692907,1.1651339749342966,-12.753498458727435,2.6517855867825744,-14.709534305875962,-0.3284906490646007,35.863095928818645,,
7.510288270013988,7.510288270013988,,,,,-13.350950259814725,1.0578155731594772,-12.390432036935838,2.558485255467817,-14.286176718655828,-0.4497258759132353,35.444618678003955,,
7.510288270013988,7.510288270013988,,,,,-12.956369907255334,0.9574985764673443,-12.025096956840988,2.4727627876049754,-13.862493380376948,-0.5646118053791735,35.444618678003955,,
7.510288270013988,7.510288270013988,,,,,-12.560834759239508,0.8639318694432692,-11.65782772120134,2.3943233799279096,-13.438740938517,-0.6733285495437286,35.444618678003955,,
7.280015801230786,7.280015801230786,,,,,-12.164450535223157,0.7770588951375885,-11.288958832775352,2.322872229170475,-13.014813040072328,-0.7756750678919854,35.26053012333138,,
7.280015801230786,7.280015801230786,,,,,-11.76732295430111,0.6968230969658734,-10.918824794321475,2.258114532066528,-12.590603332035188,-0.8714503199047401,35.26053012333138,,
6.748643647217899,6.748643647217899,,,,,-11.369557735568236,0.6231679183436933,-10.547760108598164,2.1997554853499253,-12.166005461397852,-0.9604532650627902,34.82639110054009,,
6.748643647217899,6.748643647217899,,,,,-10.971260598119375,0.5560368026866174,-10.17609927836387,2.14750028575452,-11.740913075152571,-1.0424828628469314,34.82639110054009,,
6.748643647217899,6.748643647217899,,,,,-10.572537261049398,0.4953731934102181,-9.804176806377063,2.101054130014172,-11.315219820291627,-1.1173380727379583,34.82639110054009,,
6.254615116953496,6.254615116953496,,,,,-10.173492883664784,0.44112053393006034,-9.432325160113754,2.060122214862733,-10.888819343807247,-1.1848178542166727,34.4127337619246,,
6.254615116953496,6.254615116953496,,,,,-9.774172526197695,0.39322226766171686,-9.060743179457882,2.0244097370340604,-10.461605292691708,-1.244721166763869,34.4127337619246,,
5.97066655683287,5.97066655683287,,,,,-9.374508424185251,0.35162183802075664,-8.689415676930038,1.9936218932620102,-10.033471313937273,-1.2968469698603426,34.17138960328103,,
5.97066655683287,5.97066655683287,,,,,-8.97443390605771,0.31620803212972115,-8.318308222768085,1.967463880280438,-9.604336045638972,-1.3411091757706393,34.17138960328103,,
5.746316215085426,5.746316215085426,,,,,-8.573954153603884,0.2865793319828066,-7.9473863872098995,1.9456408948232,-9.174246873556287,-1.3780139036166081,33.97844320573189,,
5.746316215085426,5.746316215085426,,,,,-8.173098112291507,0.26223820850393664,-7.576615740493348,1.9278581336241511,-8.74329252533464,-1.4082574347916654,33.97844320573189,,
5.746316215085426,5.746316215085426,,,,,-7.7718947427211775,0.24268707147650714,-7.205961852856303,1.9138207934171485,-8.311561747895494,-1.4325361393543077,33.97844320573189,,
5.479711327551244,5.479711327551244,,,,,-7.370373005493523,0.22742833068391677,-6.835390294536652,1.9032340709360478,-7.879143288160353,-1.4515463873630303,33.748649963787805,,
5.224260473820441,5.224260473820441,,,,,-6.968561861209116,0.21596439590956062,-6.464866635772231,1.8958031629147036,-7.446125893050659,-1.4659845488763323,33.52702461662914,,
5.224260473820441,5.224260473820441,,,,,-6.566490270468579,0.20779767693683604,-6.094356446800929,1.8912332660869728,-7.0125983094879025,-1.4765469939527094,33.52702461662914,,
5.224260473820441,5.224260473820441,,,,,-6.164187193872517,0.2024305835491398,-5.723825297860617,1.8892295771867107,-6.578649284393567,-1.483930092650658,33.52702461662914,,
5.224260473820441,5.224260473820441,,,,,-5.761681592021539,0.19936552552986953,-5.353238759189164,1.8894972929477736,-6.144367564689129,-1.4888302150286752,33.52702461662914,,
5.224260473820441,5.224260473820441,,,,,-5.359002425516249,0.19810491266242147,-4.982562401024438,1.8917416101040165,-5.709841897296066,-1.4919437311452577,33.52702461662914,,
5.224260473820441,5.224260473820441,,,,,-4.956178654957256,0.19815115473019262,-4.611761793604315,1.8956677253892962,-5.275161029135855,-1.493967011058902,33.52702461662914,,
4.969468232991767,4.969468232991767,,,,,-4.553239240945181,0.19900666151657964,-4.240802507166679,1.9009808355374682,-4.840413707129993,-1.495596424828105,33.30550373304054,,
4.240484029495717,4.240484029495717,,,,,-4.150213144080595,0.20017384280498018,-3.869650111949367,1.9073861372823881,-4.405688678199923,-1.4975283425113635,32.666694264565024,,
4.240484029495717,4.240484029495717,,,,,-3.747129324964125,0.20115510837878992,-3.498270178190269,1.9145888273579121,-3.971074689267142,-1.5004591341671745,32.666694264565024,,
3.7084423294145235,3.7084423294145235,,,,,-3.3440167441963764,0.20145286802140683,-3.126628276127254,1.9222941024978957,-3.536660487253124,-1.505085169854034,32.20046497363255,,
3.7084423294145235,3.7084423294145235,,,,,-2.9409043623779536,0.20056953151622703,-2.7546899759981924,1.9302071594361945,-3.1025348190793514,-1.5121028196304394,32.20046497363255,,
3.7084423294145235,3.7084423294145235,,,,,-2.5378211401094646,0.19800750864664762,-2.382420848040953,1.9380331949066651,-2.668786431667299,-1.522208453554887,32.20046497363255,,
3.4824539233034613,3.4824539233034613,,,,,-2.1347960379915145,0.19326920919606583,-2.00978646249341,1.945477405643163,-2.235504071938446,-1.5360984416858745,32.00281471463356,,
3.4824539233034613,3.4824539233034613,,,,,-1.7318580166247113,0.18585704294787786,-1.6367523895934315,1.952244988379543,-1.8027764868142706,-1.5544691540818971,32.00281471463356,,
3.4824539233034613,3.4824539233034613,,,,,-1.329036036609676,0.1752734196854816,-1.2632841995789041,1.9580411398496627,-1.370692423216269,-1.5780169608014516,32.00281471463356,,
3.4824539233034613,3.4824539233034613,,,,,-0.9263590585469834,0.1610207491922726,-0.8893474626876677,1.9625710567873766,-0.9393406280658827,-1.6074382319030365,32.00281471463356,,
3.4824539233034613,3.4824539233034613,,,,,-0.5238560430372555,0.14260144125164875,-0.5149077491576082,1.9655399359265413,-0.5088098482846084,-1.6434293374451474,32.00281471463356,,
3.4824539233034613,3.4824539233034613,,,,,-0.12155595068109898,0.11951790564700615,-0.13993062922659633,1.966652974001012,-0.07918883079392368,-1.6866866474862814,32.00281471463356,,
3.219734268898265,3.219734268898265,,,,,,,,,,,31.77438662779934,,
3.219734268898265,3.219734268898265,,,,,,,,,,,31.77438662779934,,
3.219734268898265,3.219734268898265,,,,,,,,,,,31.77438662779934,,
3.219734268898265,3.219734268898265,,,,,,,,,,,31.77438662779934,,
2.729713027529637,2.729713027529637,,,,,,,,,,,31.351134749536904,,
1.4269222796409995,1.4269222796409995,,,,,,,,,,,30.266114381248734,,
1.1565937972294207,1.1565937972294207,,,,,,,,,,,30.050763386793164,,
0.9166386360144114,0.9166386360144114,,,,,,,,,,,29.863065242147503,,
0.9166386360144114,0.9166386360144114,,,,,,,,,,,29.863065242147503,,
0.6404323252317112,0.6404323252317112,,,,,,,,,,,29.651363423638003,,
0.6404323252317112,0.6404323252317112,,,,,,,,,,,29.651363423638003,,
0.6404323252317112,0.6404323252317112,,,,,,,,,,,29.651363423638003,,
0.10109367259425178,0.10109367259425178,,,,,,,,,,,29.25109073217692,,
0.10109367259425178,0.10109367259425178,,,,,,,,,,,29.25109073217692,,
-0.16815133012420602,-0.16815133012420602,,,,,,,,,,,29.05778638172978,,
-0.16815133012420602,-0.16815133012420602,,,,,,,,,,,29.05778638172978,,
-0.16815133012420602,-0.16815133012420602,,,,,,,,,,,29.05778638172978,,
-0.45308691527781547,-0.45308691527781547,,,,,,,,,,,28.85751132586505,,
-0.45308691527781547,-0.45308691527781547,,,,,,,,,,,28.85751132586505,,
-0.9740164666563124,-0.9740164666563124,,,,,,,,,,,28.50494835352127,,
-0.9740164666563124,-0.9740164666563124,,,,,,,,,,,28.50494835352127,,
-0.9740164666563124,-0.9740164666563124,,,,,,,,,,,28.50494835352127,,
-1.3117637247224199,-1.3117637247224199,,,,,,,,,,,28.28528113280003,,
-1.3117637247224199,-1.3117637247224199,,,,,,,,,,,28.28528113280003,,
-1.8456726543537272,-1.8456726543537272,,,,,,,,,,,27.9508811508077,,
-1.8456726543537272,-1.8456726543537272,,,,,,,,,,,27.9508811508077,,
-2.1419895883779287,-2.1419895883779287,,,,,,,,,,,27.771940748404766,,
-2.1419895883779287,-2.1419895883779287,,,,,,,,,,,27.771940748404766,,
-2.1419895883779287,-2.1419895883779287,,,,,,,,,,,27.771940748404766,,
-2.4414360510416397,-2.4414360510416397,,,,,,,,,,,27.59607610272013,,
-2.4414360510416397,-2.4414360510416397,,,,,,,,,,,27.59607610272013,,
-2.4414360510416397,-2.4414360510416397,,,,,,,,,,,27.59607610272013,,
-2.7058211954426916,-2.7058211954426916,,,,,,,,,,,27.44471314443196,,
-2.7058211954426916,-2.7058211954426916,,,,,,,,,,,27.44471314443196,,
-2.7058211954426916,-2.7058211954426916,,,,,,,,,,,27.44471314443196,,
-3.0380929823811913,-3.0380929823811913,,,,,,,,,,,27.259661574066158,,
-3.3253459540512975,-3.3253459540512975,,,,,,,,,,,27.103863622347426,,
-4.502950975147453,-4.502950975147453,,,,,,,,,,,26.500554394164258,,
-4.7840572875721605,-4.7840572875721605,,,,,,,,,,,26.363455409420016,,
-4.7840572875721605,-4.7840572875721605,,,,,,,,,,,26.363455409420016,,
-5.10929053372005,-5.10929053372005,,,,,,,,,,,26.208207652212295,,
-5.409055112216412,-5.409055112216412,,,,,,,,,,,26.067366181057746,,
-5.409055112216412,-5.409055112216412,,,,,,,,,,,26.067366181057746,,
-5.728706227322997,-5.728706227322997,,,,,,,,,,,25.918416416733,,
-5.973872832022221,-5.973872832022221,,,,,,,,,,,25.80506537362304,,
-5.973872832022221,-5.973872832022221,,,,,,,,,,,25.80506537362304,,
-5.973872832022221,-5.973872832022221,,,,,,,,,,,25.80506537362304,,
-6.299882252971081,-6.299882252971081,,,,,,,,,,,25.655028779753263,,
-6.299882252971081,-6.299882252971081,,,,,,,,,,,25.655028779753263,,
-6.597382877460525,-6.597382877460525,,,,,,,,,,,25.518845064894464,,
-6.597382877460525,-6.597382877460525,,,,,,,,,,,25.518845064894464,,
-6.597382877460525,-6.597382877460525,,,,,,,,,,,25.518845064894464,,
-6.895627102559008,-6.895627102559008,,,,,,,,,,,25.383701357716806,,
-6.895627102559008,-6.895627102559008,,,,,,,,,,,25.383701357716806,,
-6.895627102559008,-6.895627102559008,,,,,,,,,,,25.383701357716806,,
-7.2400481525386855,-7.2400481525386855,,,,,,,,,,,25.227210200104444,,
-7.2400481525386855,-7.2400481525386855,,,,,,,,,,,25.227210200104444,,
-8.16028920024629,-8.16028920024629,,,,,,,,,,,24.809928269260087,,
-8.16028920024629,-8.16028920024629,,,,,,,,,,,24.809928269260087,,
-8.73927692047593,-8.73927692047593,,,,,,,,,,,24.54604388766848,,
-8.73927692047593,-8.73927692047593,,,,,,,,,,,24.54604388766848,,
-9.007254100123482,-9.007254100123482,,,,,,,,,,,24.42327428909708,,
-9.007254100123482,-9.007254100123482,,,,,,,,,,,24.42327428909708,,
-9.007254100123482,-9.007254100123482,,,,,,,,,,,24.42327428909708,,
-9.007254100123482,-9.007254100123482,,,,,,,,,,,24.42327428909708,,
-9.007254100123482,-9.007254100123482,,,,,,,,,,,24.42327428909708,,
-9.37430389010707,-9.37430389010707,,,,,,,,,,,24.253992382382357,,
-9.37430389010707,-9.37430389010707,,,,,,,,,,,24.253992382382357,,
-9.953826527265763,-9.953826527265763,,,,,,,,,,,23.982605727021163,,
-9.953826527265763,-9.953826527265763,,,,,,,,,,,23.982605727021163,,
-9.953826527265763,-9.953826527265763,,,,,,,,,,,23.982605727021163,,
-9.953826527265763,-9.953826527265763,,,,,,,,,,,23.982605727021163,,
-10.224514569180707,-10.224514569180707,,,,,,,,,,,23.85404573612326,,
-10.224514569180707,-10.224514569180707,,,,,,,,,,,23.85404573612326,,
-10.224514569180707,-10.224514569180707,,,,,,,,,,,23.85404573612326,,
-10.224514569180707,-10.224514569180707,,,,,,,,,,,23.85404573612326,,
-10.224514569180707,-10.224514569180707,,,,,,,,,,,23.85404573612326,,
-12.635895121942855,-12.635895121942855,,,,,,,,,,,22.632888041676996,,
-12.635895121942855,-12.635895121942855,,,,,,,,,,,22.632888041676996,,
-12.635895121942855,-12.635895121942855,,,,,,,,,,,22.632888041676996,,
-12.902090481207544,-12.902090481207544,,,,,,,,,,,22.48680308627634,,
-12.902090481207544,-12.902090481207544,,,,,,,,,,,22.48680308627634,,
-13.507415347776847,-13.507415347776847,,,,,,,,,,,22.14435018757085,,
-13.507415347776847,-13.507415347776847,,,,,,,,,,,22.14435018757085,,
-13.507415347776847,-13.507415347776847,,,,,,,,,,,22.14435018757085,,
-13.507415347776847,-13.507415347776847,,,,,,,,,,,22.14435018757085,,
-13.806858751583983,-13.806858751583983,,,,,,,,,,,21.96888054726816,,
-13.806858751583983,-13.806858751583983,,,,,,,,,,,21.96888054726816,,
-13.806858751583983,-13.806858751583983,,,,,,,,,,,21.96888054726816,,
-14.086982617697688,-14.086982617697688,,,,,,,,,,,21.800774418015592,,
-14.086982617697688,-14.086982617697688,,,,,,,,,,,21.800774418015592,,
-14.086982617697688,-14.086982617697688,,,,,,,,,,,21.800774418015592,,
-14.086982617697688,-14.086982617697688,,,,,,,,,,,21.800774418015592,,
-14.086982617697688,-14.086982617697688,,,,,,,,,,,21.800774418015592,,
-14.086982617697688,-14.086982617697688,,,,,,,,,,,21.800774418015592,,
-14.36417394004976,-14.36417394004976,,,,,,,,,,,21.63077263261006,,
-14.36417394004976,-14.36417394004976,,,,,,,,,,,21.63077263261006,,
-14.36417394004976,-14.36417394004976,,,,,,,,,,,21.63077263261006,,
-14.677473476844892,-14.677473476844892,,,,,,,,,,,21.433570613859285,,
-14.677473476844892,-14.677473476844892,,,,,,,,,,,21.433570613859285,,
-14.677473476844892,-14.677473476844892,,,,,,,,,,,21.433570613859285,,
-14.677473476844892,-14.677473476844892,,,,,,,,,,,21.433570613859285,,
-14.677473476844892,-14.677473476844892,,,,,,,,,,,21.433570613859285,,
-14.934937728473228,-14.934937728473228,,,,,,,,,,,21.267676176704693,,
-14.934937728473228,-14.934937728473228,,,,,,,,,,,21.267676176704693,,
-14.934937728473228,-14.934937728473228,,,,,,,,,,,21.267676176704693,,
-14.934937728473228,-14.934937728473228,,,,,,,,,,,21.267676176704693,,
-14.934937728473228,-14.934937728473228,,,,,,,,,,,21.267676176704693,,
-14.934937728473228,-14.934937728473228,,,,,,,,,,,21.267676176704693,,
-15.210166668163932,-15.210166668163932,,,,,,,,,,,21.086417135159078,,
-15.210166668163932,-15.210166668163932,,,,,,,,,,,21.086417135159078,,
-15.210166668163932,-15.210166668163932,,,,,,,,,,,21.086417135159078,,
-15.503246624761218,-15.503246624761218,,,,,,,,,,,20.8887144061232,,
-15.503246624761218,-15.503246624761218,,,,,,,,,,,20.8887144061232,,
-15.503246624761218,-15.503246624761218,,,,,,,,,,,20.8887144061232,,
-15.503246624761218,-15.503246624761218,,,,,,,,,,,20.8887144061232,,
-15.793986099151569,-15.793986099151569,,,,,,,,,,,20.68696330880343,,
-15.793986099151569,-15.793986099151569,,,,,,,,,,,20.68696330880343,,
-15.793986099151569,-15.793986099151569,,,,,,,,,,,20.68696330880343,,
-15.793986099151569,-15.793986099151569,,,,,,,,,,,20.68696330880343,,
-15.793986099151569,-15.793986099151569,,,,,,,,,,,20.68696330880343,,
-16.323108083779065,-16.323108083779065,,,,,,,,,,,20.304972630417993,,
-16.323108083779065,-16.323108083779065,,,,,,,,,,,20.304972630417993,,
-16.585079614770887,-16.585079614770887,,,,,,,,,,,20.108298677217547,,
-16.8175146073949,-16.8175146073949,,,,,,,,,,,19.92817223473118,,
-16.8175146073949,-16.8175146073949,,,,,,,,,,,19.92817223473118,,
-16.8175146073949,-16.8175146073949,,,,,,,,,,,19.92817223473118,,
-16.8175146073949,-16.8175146073949,,,,,,,,,,,19.92817223473118,,
-16.8175146073949,-16.8175146073949,,,,,,,,,,,19.92817223473118,,
-18.368375351778447,-18.368375351778447,,,,,,,,,,,18.59231454132759,,
-18.368375351778447,-18.368375351778447,,,,,,,,,,,18.59231454132759,,
-19.038768083944543,-19.038768083944543,,,,,,,,,,,17.92337031479847,,
-19.038768083944543,-19.038768083944543,,,,,,,,,,,17.92337031479847,,
-19.038768083944543,-19.038768083944543,,,,,,,,,,,17.92337031479847,,
-19.038768083944543,-19.038768083944543,,,,,,,,,,,17.92337031479847,,
-19.29360568619241,-19.29360568619241,,,,,,,,,,,17.64990547152442,,
-19.29360568619241,-19.29360568619241,,,,,,,,,,,17.64990547152442,,
-19.29360568619241,-19.29360568619241,,,,,,,,,,,17.64990547152442,,
-20.9186075489952,-20.9186075489952,,,,,,,,,,,15.533099551613306,,
-21.073239258254677,-21.073239258254677,,,,,,,,,,,15.279046120782693,,
-21.073239258254677,-21.073239258254677,,,,,,,,,,,15.279046120782693,,
-21.56460881941709,-21.56460881941709,,,,,,,,,,,14.346985902813017,,
-21.56460881941709,-21.56460881941709,,,,,,,,,,,14.346985902813017,,
-22.38420816780927,-22.38420816780927,,,,,,,,,,,11.154756235664795,,
-22.38420816780927,-22.38420816780927,,,,,,,,,,,11.154756235664795,,
-22.38420816780927,-22.38420816780927,,,,,,,,,,,11.154756235664795,,
-22.309959512573947,-22.309959512573947,,,,,,,,,,,9.50886835485526,,
-22.309959512573947,-22.309959512573947,,,,,,,,,,,9.50886835485526,,
-22.309959512573947,-22.309959512573947,,,,,,,,,,,9.50886835485526,,
-22.309959512573947,-22.309959512573947,,,,,,,,,,,9.50886835485526,,
-22.260897265189303,-22.260897265189303,,,,,,,,,,,9.210984929442471,,
-22.260897265189303,-22.260897265189303,,,,,,,,,,,9.210984929442471,,
-22.260897265189303,-22.260897265189303,,,,,,,,,,,9.210984929442471,,
-22.260897265189303,-22.260897265189303,,,,,,,,,,,9.210984929442471,,
-22.260897265189303,-22.260897265189303,,,,,,,,,,,9.210984929442471,,
-21.202011001712986,-21.202011001712986,,,,,,,,,,,6.417972155458716,,
-21.202011001712986,-21.202011001712986,,,,,,,,,,,6.417972155458716,,
-20.18716352140499,-20.18716352140499,,,,,,,,,,,5.01600437596244,,
-19.991602989210254,-19.991602989210254,,,,,,,,,,,4.796983649219211,,
-19.991602989210254,-19.991602989210254,,,,,,,,,,,4.796983649219211,,
-19.991602989210254,-19.991602989210254,,,,,,,,,,,4.796983649219211,,
-19.775579129734272,-19.775579129734272,,,,,,,,,,,4.5669765695744795,,
-19.546542416302138,-19.546542416302138,,,,,,,,,,,4.33711042836979,,
-19.546542416302138,-19.546542416302138,,,,,,,,,,,4.33711042836979,,
-19.05142648798667,-19.05142648798667,,,,,,,,,,,3.8817956096908985,,
-19.05142648798667,-19.05142648798667,,,,,,,,,,,3.8817956096908985,,
-18.763174231571046,-18.763174231571046,,,,,,,,,,,3.6389207850472807,,
-18.763174231571046,-18.763174231571046,,,,,,,,,,,3.6389207850472807,,
-18.763174231571046,-18.763174231571046,,,,,,,,,,,3.6389207850472807,,
-18.763174231571046,-18.763174231571046,,,,,,,,,,,3.6389207850472807,,
-18.763174231571046,-18.763174231571046,,,,,,,,,,,3.6389207850472807,,
-17.748556718642675,-17.748556718642675,,,,,,,,,,,2.8974756109395887,,
-17.748556718642675,-17.748556718642675,,,,,,,,,,,2.8974756109395887,,
-17.748556718642675,-17.748556718642675,,,,,,,,,,,2.8974756109395887,,
-17.748556718642675,-17.748556718642675,,,,,,,,,,,2.8974756109395887,,
-17.748556718642675,-17.748556718642675,,,,,,,,,,,2.8974756109395887,,
-17.41335613769755,-17.41335613769755,,,,,,,,,,,2.6835104052762397,,
-17.41335613769755,-17.41335613769755,,,,,,,,,,,2.6835104052762397,,
-17.41335613769755,-17.41335613769755,,,,,,,,,,,2.6835104052762397,,
-17.41335613769755,-17.41335613769755,,,,,,,,,,,2.6835104052762397,,
-17.41335613769755,-17.41335613769755,,,,,,,,,,,2.6835104052762397,,
-17.41335613769755,-17.41335613769755,,,,,,,,,,,2.6835104052762397,,
-16.305482192667164,-16.305482192667164,,,,,,,,,,,2.0654383909276275,,
-15.05551338216328,-15.05551338216328,,,,,,,,,,,1.5098984704692797,,
-15.05551338216328,-15.05551338216328,,,,,,,,,,,1.5098984704692797,,
-14.775654502392241,-14.775654502392241,,,,,,,,,,,1.4039759169590948,,
-14.775654502392241,-14.775654502392241,,,,,,,,,,,1.4039759169590948,,
-14.775654502392241,-14.775654502392241,,,,,,,,,,,1.4039759169590948,,
-14.775654502392241,-14.775654502392241,,,,,,,,,,,1.4039759169590948,,
-14.775654502392241,-14.775654502392241,,,,,,,,,,,1.4039759169590948,,
-13.519347127305874,-13.519347127305874,,,,,,,,,,,0.9952637926561453,,
-13.207540286292216,-13.207540286292216,,,,,,,,,,,0.9099557488148398,,
-13.207540286292216,-13.207540286292216,,,,,,,,,,,0.9099557488148398,,
-12.864325090321536,-12.864325090321536,,,,,,,,,,,0.8240816866730395,,
-12.864325090321536,-12.864325090321536,,,,,,,,,,,0.8240816866730395,,
-12.543319166241966,-12.543319166241966,,,,,,,,,,,0.7492149942563993,,
-12.543319166241966,-12.543319166241966,,,,,,,,,,,0.7492149942563993,,
-12.226726810105703,-12.226726810105703,,,,,,,,,,,0.6809633060947021,,
-12.226726810105703,-12.226726810105703,,,,,,,,,,,0.6809633060947021,,
-11.882043497339378,-11.882043497339378,,,,,,,,,,,0.6128447991768649,,
-11.882043497339378,-11.882043497339378,,,,,,,,,,,0.6128447991768649,,
-11.241509673358504,-11.241509673358504,,,,,,,,,,,0.501679370548438,,
-10.546250581646998,-10.546250581646998,,,,,,,,,,,0.4020573107092086,,
-10.225382515435044,-10.225382515435044,,,,,,,,,,,0.36322723321968325,,
-9.575026299230144,-9.575026299230144,,,,,,,,,,,0.29624080922220064,,
-9.229188992447417,-9.229188992447417,,,,,,,,,,,0.2661072573323919,,
-9.229188992447417,-9.229188992447417,,,,,,,,,,,0.2661072573323919,,
-8.550822817680993,-8.550822817680993,,,,,,,,,,,0.2183861366382278,,
-8.550822817680993,-8.550822817680993,,,,,,,,,,,0.2183861366382278,,
-8.205155631674131,-8.205155631674131,,,,,,,,,,,0.19816357828494835,,
-8.205155631674131,-8.205155631674131,,,,,,,,,,,0.19816357828494835,,
-7.236916674048184,-7.236916674048184,,,,,,,,,,,0.15536792898813537,,
-7.236916674048184,-7.236916674048184,,,,,,,,,,,0.15536792898813537,,
-7.236916674048184,-7.236916674048184,,,,,,,,,,,0.15536792898813537,,
-6.910966987506647,-6.910966987506647,,,,,,,,,,,0.14450955548011635,,
-6.910966987506647,-6.910966987506647,,,,,,,,,,,0.14450955548011635,,
-6.910966987506647,-6.910966987506647,,,,,,,,,,,0.14450955548011635,,
-6.588856869707196,-6.588856869707196,,,,,,,,,,,0.1358855815188359,,
-6.588856869707196,-6.588856869707196,,,,,,,,,,,0.1358855815188359,,
-6.588856869707196,-6.588856869707196,,,,,,,,,,,0.1358855815188359,,
-6.588856869707196,-6.588856869707196,,,,,,,,,,,0.1358855815188359,,
-6.266383582371909,-6.266383582371909,,,,,,,,,,,0.1283497725085792,,
-6.266383582371909,-6.266383582371909,,,,,,,,,,,0.1283497725085792,,
-6.266383582371909,-6.266383582371909,,,,,,,,,,,0.1283497725085792,,
-6.266383582371909,-6.266383582371909,,,,,,,,,,,0.1283497725085792,,
-6.266383582371909,-6.266383582371909,,,,,,,,,,,0.1283497725085792,,
-3.244817935335108,-3.244817935335108,,,,,,,,,,,0.10350655826667655,,
-3.244817935335108,-3.244817935335108,,,,,,,,,,,0.10350655826667655,,
-3.244817935335108,-3.244817935335108,,,,,,,,,,,0.10350655826667655,,
-3.244817935335108,-3.244817935335108,,,,,,,,,,,0.10350655826667655,,
-3.244817935335108,-3.244817935335108,,,,,,,,,,,0.10350655826667655,,
-2.8958446265932873,-2.8958446265932873,,,,,,,,,,,0.10593719731106534,,
-2.8958446265932873,-2.8958446265932873,,,,,,,,,,,0.10593719731106534,,
-2.8958446265932873,-2.8958446265932873,,,,,,,,,,,0.10593719731106534,,
-2.8958446265932873,-2.8958446265932873,,,,,,,,,,,0.10593719731106534,,
-2.2542651528416404,-2.2542651528416404,,,,,,,,,,,0.11301461669856268,,
-2.2542651528416404,-2.2542651528416404,,,,,,,,,,,0.11301461669856268,,
0.06881340705630556,0.06881340705630556,,,,,,,,,,,0.16444095863660033,,
